{
  "delta0": 0.30901699437494745,
  "Z_small_h3": 2.0944271909999164e-06,
  "Z_small_std": 1e-06,
  "threshold_ratio": 2.0944271909999164,
  "scaling_verified": false,
  "delta0_invariant": true
}